-- Generated by apps/scripts/export-supabase-backup.ts
-- Generated at: 2026-03-29T20:45:07.794Z
-- Intended for repository-safe restoration of public application data only.
BEGIN;

TRUNCATE TABLE public.facility_schedules, public.schedules, public.facilities RESTART IDENTITY CASCADE;

-- facilities (62 rows)
INSERT INTO public.facilities (id, name, address, phone, instagram_url, website_url, created_at, updated_at, facility_type, detail_page_url, prefecture_code, municipality_code, ward_code, postal_code, prefecture_name, city_name, ward_name, address_rest, address_full_raw, latitude, longitude) VALUES
  ('06ff5628-a379-47ee-a3e8-79b40039fda2', '檸檬の木', '天白区池場4丁目303', '080-9733-2676（開設時間内）', 'https://www.instagram.com/lemonnoki_nagoya/', NULL, '2025-11-21T01:57:25.76864+00:00', '2025-11-21T02:20:50.593768+00:00', 'childcare_support_base', 'https://www.kosodate.city.nagoya.jp/play/supportbases16.html', '23', '23100', '23111', NULL, '愛知県', '名古屋市', '天白区', '池場4丁目303', '天白区池場4丁目303', NULL, NULL),
  ('088a4ff7-55d4-447d-b983-842d3297cdb9', '桜木', '名古屋市西区菊井一丁目28-18', '052-526-3005', 'https://www.instagram.com/sakuragi_2019/', NULL, '2025-11-21T01:57:25.76864+00:00', '2025-11-21T01:57:25.76864+00:00', 'childcare_ouen_base', 'https://www.kosodate.city.nagoya.jp/play/ouenkyoten01.html', '23', '23100', '23103', NULL, '愛知県', '名古屋市', '西区', '菊井一丁目28-18', '名古屋市西区菊井一丁目28-18', NULL, NULL),
  ('0c484e73-8605-47c7-beef-d4554897e9bc', 'おやこっこみなと（陽まわり）', '港区春田野二丁目2104番地', '052-870-4657', 'https://www.instagram.com/oyakokko_minato/', NULL, '2025-11-21T01:57:25.76864+00:00', '2025-11-21T02:20:50.593768+00:00', 'childcare_support_base', 'https://www.kosodate.city.nagoya.jp/play/supportbases09.html', '23', '23100', '23106', NULL, '愛知県', '名古屋市', '港区', '春田野二丁目2104番地', '港区春田野二丁目2104番地', NULL, NULL),
  ('0e7d7f1e-84fd-402e-9578-1897fdb8ea22', 'ゆるまる', '名古屋市中川区春田町一丁目96', '052-431-0022', 'https://www.instagram.com/yurumaru_nakagawa/', NULL, '2025-11-21T01:57:25.76864+00:00', '2025-11-21T01:57:25.76864+00:00', 'childcare_ouen_base', 'https://www.kosodate.city.nagoya.jp/play/ouenkyoten11.html', '23', '23100', '23105', NULL, '愛知県', '名古屋市', '中川区', '春田町一丁目96', '名古屋市中川区春田町一丁目96', NULL, NULL),
  ('0ee5fe03-6fbb-4c4e-a48a-669c0f6fa477', 'はみんぐ', '名古屋市港区土古町二丁目13番地', '052−387−8957', 'https://instagram.com/happy.hirobahamingu/', NULL, '2025-11-21T01:57:25.76864+00:00', '2025-11-21T01:57:25.76864+00:00', 'childcare_ouen_base', 'https://www.kosodate.city.nagoya.jp/play/ouenkyoten03.html', '23', '23100', '23106', NULL, '愛知県', '名古屋市', '港区', '土古町二丁目13番地', '名古屋市港区土古町二丁目13番地', NULL, NULL),
  ('10c3518d-009d-493b-9200-b29d076989cd', 'くれよんすたじお', '中川区八熊3丁目12番22号', '080-3637-9040', 'https://www.instagram.com/crayonland2004/', NULL, '2025-11-21T01:57:25.76864+00:00', '2025-11-21T02:20:50.593768+00:00', 'childcare_support_base', 'https://www.kosodate.city.nagoya.jp/play/supportbases63.html', '23', '23100', '23105', NULL, '愛知県', '名古屋市', '中川区', '八熊3丁目12番22号', '中川区八熊3丁目12番22号', NULL, NULL),
  ('1638c939-34ac-4634-85cd-31bb72f0f0b4', 'にじいろ', '天白区平針南1丁目2006', '052-807-2720', 'https://www.instagram.com/npo.nijiiro/', NULL, '2025-11-21T01:57:25.76864+00:00', '2025-11-21T02:20:50.593768+00:00', 'childcare_support_base', 'https://www.kosodate.city.nagoya.jp/play/supportbases14.html', '23', '23100', '23111', NULL, '愛知県', '名古屋市', '天白区', '平針南1丁目2006', '天白区平針南1丁目2006', NULL, NULL),
  ('1dfd2a31-624b-4c76-880a-e0c8b520c968', 'つながるひろば恵方の家', '昭和区松風町3丁目2番地まつかぜ保育園内', '052-852-8181', 'https://www.instagram.com/eho_no_ie/', NULL, '2025-11-21T01:57:25.76864+00:00', '2025-11-21T02:20:50.593768+00:00', 'childcare_support_base', 'https://www.kosodate.city.nagoya.jp/play/supportbases21.html', '23', '23100', '23115', NULL, '愛知県', '名古屋市', '昭和区', '松風町3丁目2番地まつかぜ保育園内', '昭和区松風町3丁目2番地まつかぜ保育園内', NULL, NULL),
  ('1f8ab05f-2acb-4f70-9847-9c7d3def177f', 'らららルーム', '昭和区広路町字石坂48-5八事半僧坊マンション2F', '052-834-3608', 'https://www.instagram.com/rararafurian/', NULL, '2025-11-21T01:57:25.76864+00:00', '2025-11-21T02:20:50.593768+00:00', 'childcare_support_base', 'https://www.kosodate.city.nagoya.jp/play/supportbases07.html', '23', '23100', '23115', NULL, '愛知県', '名古屋市', '昭和区', '広路町字石坂48-5八事半僧坊マンション2F', '昭和区広路町字石坂48-5八事半僧坊マンション2F', NULL, NULL),
  ('27b0ba12-6687-4607-9a92-1546179d24e2', 'にじのアーチ', '名東区社口二丁目914番地', '052-725-8311', 'https://www.instagram.com/hiroba.nijinoarch/', NULL, '2025-11-21T01:57:25.76864+00:00', '2025-11-21T02:20:50.593768+00:00', 'childcare_ouen_base', 'https://www.kosodate.city.nagoya.jp/play/ouenkyoten14.html', '23', '23100', '23110', NULL, '愛知県', '名古屋市', '名東区', '社口二丁目914番地', '名東区社口二丁目914番地', NULL, NULL),
  ('2b9f5d21-54dc-4867-ba2d-8e3f3b290ff8', 'くれよんひろば', '中村区太閤通6丁目47', '052-482-8989', NULL, NULL, '2025-11-21T01:57:25.76864+00:00', '2025-11-21T02:20:50.593768+00:00', 'childcare_support_base', 'https://www.kosodate.city.nagoya.jp/play/supportbases05.html', '23', '23100', '23104', NULL, '愛知県', '名古屋市', '中村区', '太閤通6丁目47', '中村区太閤通6丁目47', NULL, NULL),
  ('2c3b1d86-9922-4986-910a-9761a9ba06b7', 'こうめのいえもりたか', '守山区白山一丁目905-3サンシャイン白山2B号', '052-799-3033', 'https://www.instagram.com/koumehouse/', NULL, '2025-11-21T01:57:25.76864+00:00', '2025-11-21T02:20:50.593768+00:00', 'childcare_support_base', 'https://www.kosodate.city.nagoya.jp/play/supportbases49.html', '23', '23100', '23108', NULL, '愛知県', '名古屋市', '守山区', '白山一丁目905-3サンシャイン白山2B号', '守山区白山一丁目905-3サンシャイン白山2B号', NULL, NULL),
  ('37a05f7d-6acd-44c1-a9a0-6309dec53644', 'momo', '名古屋市南区豊一丁目10番9号ドムール豊1', '052-883-9884', 'https://instagram.com/minamiku.momo/', NULL, '2025-11-21T01:57:25.76864+00:00', '2025-11-21T01:57:25.76864+00:00', 'childcare_ouen_base', 'https://www.kosodate.city.nagoya.jp/play/ouenkyoten08.html', '23', '23100', '23107', NULL, '愛知県', '名古屋市', '南区', '豊一丁目10番9号ドムール豊1', '名古屋市南区豊一丁目10番9号ドムール豊1', NULL, NULL),
  ('39b9573e-070c-4c43-ab9f-df6f304f7f39', 'おひさまのおうち', '中川区細米町2丁目70パークサイドグロリア102', '052-770-0855', 'https://www.instagram.com/ohisamanoouchi/', NULL, '2025-11-21T01:57:25.76864+00:00', '2025-11-21T02:20:50.593768+00:00', 'childcare_support_base', 'https://www.kosodate.city.nagoya.jp/play/supportbases24.html', '23', '23100', '23105', NULL, '愛知県', '名古屋市', '中川区', '細米町2丁目70パークサイドグロリア102', '中川区細米町2丁目70パークサイドグロリア102', NULL, NULL),
  ('3e7f8366-981f-41fe-b25b-6e41b74c0d3b', 'やだっこひろば', '東区矢田三丁目3-44やだ保育園2階', '052-768-7070', 'https://www.instagram.com/yadakkoarinko/', NULL, '2025-11-21T01:57:25.76864+00:00', '2025-11-21T02:20:50.593768+00:00', 'childcare_support_base', 'https://www.kosodate.city.nagoya.jp/play/supportbases36.html', '23', '23100', '23112', NULL, '愛知県', '名古屋市', '東区', '矢田三丁目3-44やだ保育園2階', '東区矢田三丁目3-44やだ保育園2階', NULL, NULL),
  ('421c6907-8492-4cea-87ef-b92e49648488', 'ほっこりワクワクはなのこ広場', '千種区吹上1-2-15サンライズ吹上1階', '052-753-6780', NULL, NULL, '2025-11-21T01:57:25.76864+00:00', '2025-11-21T02:20:50.593768+00:00', 'childcare_support_base', 'https://www.kosodate.city.nagoya.jp/play/supportbases17.html', '23', '23100', '23116', NULL, '愛知県', '名古屋市', '千種区', '吹上1-2-15サンライズ吹上1階', '千種区吹上1-2-15サンライズ吹上1階', NULL, NULL),
  ('4e38d1a5-8737-4eb7-9a23-cdd981e7e879', 'おひさまわらばぁ～', '緑区六田1丁目201番地第二丸文ビル2階', '080-3689-3133', 'https://www.instagram.com/ohisamawarabaa/', NULL, '2025-11-21T01:57:25.76864+00:00', '2025-11-21T02:20:50.593768+00:00', 'childcare_support_base', 'https://www.kosodate.city.nagoya.jp/play/supportbases30.html', '23', '23100', '23109', NULL, '愛知県', '名古屋市', '緑区', '六田1丁目201番地第二丸文ビル2階', '緑区六田1丁目201番地第二丸文ビル2階', NULL, NULL),
  ('55da4a97-ea89-42fe-b153-5bcf5ff44a62', 'ひよっこわらばぁ～', '名古屋市守山区桜坂二丁目2202番地', '052-736-1533', 'https://www.instagram.com/hiyokkowarabaa/', NULL, '2025-11-21T01:57:25.76864+00:00', '2025-11-21T01:57:25.76864+00:00', 'childcare_ouen_base', 'https://www.kosodate.city.nagoya.jp/play/ouenkyoten12.html', '23', '23100', '23108', NULL, '愛知県', '名古屋市', '守山区', '桜坂二丁目2202番地', '名古屋市守山区桜坂二丁目2202番地', NULL, NULL),
  ('595eaca3-041a-4053-8e04-9015dd155b78', 'くれよんぱ～く', '中村区下米野1丁目4番地1ハニーハイツB号室', '052-756-2774', NULL, NULL, '2025-11-21T01:57:25.76864+00:00', '2025-11-21T02:20:50.593768+00:00', 'childcare_support_base', 'https://www.kosodate.city.nagoya.jp/play/supportbases20.html', '23', '23100', '23104', NULL, '愛知県', '名古屋市', '中村区', '下米野1丁目4番地1ハニーハイツB号室', '中村区下米野1丁目4番地1ハニーハイツB号室', NULL, NULL),
  ('5e98c40f-0db6-4fc7-a3c7-e806cd354226', 'どろんこわらばぁ～', '緑区八つ松一丁目1503番地八ツ尾八幡社 社務所', '080-9119-3313', 'https://www.instagram.com/doronkowarabaa/', NULL, '2025-11-21T01:57:25.76864+00:00', '2025-11-21T02:20:50.593768+00:00', 'childcare_support_base', 'https://www.kosodate.city.nagoya.jp/play/supportbases41.html', '23', '23100', '23109', NULL, '愛知県', '名古屋市', '緑区', '八つ松一丁目1503番地八ツ尾八幡社 社務所', '緑区八つ松一丁目1503番地八ツ尾八幡社 社務所', NULL, NULL),
  ('6243b018-95e2-4298-bc89-5af4436fe8a9', 'おうす', '港区小碓三丁目134 番地 小碓幼稚園内', '052-382-1015', NULL, NULL, '2025-11-21T01:57:25.76864+00:00', '2025-11-21T02:20:50.593768+00:00', 'childcare_support_base', 'https://www.kosodate.city.nagoya.jp/play/supportbases26.html', '23', '23100', '23106', NULL, '愛知県', '名古屋市', '港区', '小碓三丁目134 番地 小碓幼稚園内', '港区小碓三丁目134 番地 小碓幼稚園内', NULL, NULL),
  ('63a69b16-11f3-41ad-9485-7e5546e35d5b', 'あおぞらわらばぁ～', '東区東大曾根町6-21', '052-700-9959', 'https://www.instagram.com/aozorawarabaa/', NULL, '2025-11-21T01:57:25.76864+00:00', '2025-11-21T02:20:50.593768+00:00', 'childcare_ouen_base', 'https://www.kosodate.city.nagoya.jp/play/ouenkyoten17.html', '23', '23100', '23112', NULL, '愛知県', '名古屋市', '東区', '東大曾根町6-21', '東区東大曾根町6-21', NULL, NULL),
  ('6b59074d-2ca6-464f-93f0-f70224dbb39b', '森の実', '名古屋市緑区乗鞍1‐1201‐5', '052-846-3327', 'https://www.instagram.com/morinomi.nagoya/', NULL, '2025-11-21T01:57:25.76864+00:00', '2025-11-21T01:57:25.76864+00:00', 'childcare_ouen_base', 'https://www.kosodate.city.nagoya.jp/play/ouenkyoten13.html', '23', '23100', '23109', NULL, '愛知県', '名古屋市', '緑区', '乗鞍1‐1201‐5', '名古屋市緑区乗鞍1‐1201‐5', NULL, NULL),
  ('6dff56fd-2bf2-4575-a677-53f0c8ab81f6', 'もんもの木', '千種区仲田二丁目12－21', '052-734-2320', 'https://www.instagram.com/kyoten.monmonoki/', NULL, '2025-11-21T01:57:25.76864+00:00', '2025-11-21T02:20:50.593768+00:00', 'childcare_ouen_base', 'https://www.kosodate.city.nagoya.jp/play/ouenkyoten16.html', '23', '23100', '23116', NULL, '愛知県', '名古屋市', '千種区', '仲田二丁目12－21', '千種区仲田二丁目12－21', NULL, NULL),
  ('70e6d3a8-53d3-4fa1-bc71-dc0466bc667c', 'ぷるぷ', '南区平子二丁目17-5', '052-825-8805', 'https://www.instagram.com/poulpe_kosodate/', NULL, '2025-11-21T01:57:25.76864+00:00', '2025-11-21T02:20:50.593768+00:00', 'childcare_support_base', 'https://www.kosodate.city.nagoya.jp/play/supportbases47.html', '23', '23100', '23107', NULL, '愛知県', '名古屋市', '南区', '平子二丁目17-5', '南区平子二丁目17-5', NULL, NULL),
  ('82ca437b-f5c5-4dea-8ce3-45e44b7e685b', 'ふれあいセンターおおだか', '緑区大高台二丁目1718番地', '052-693-5638', NULL, NULL, '2025-11-21T01:57:25.76864+00:00', '2025-11-21T02:20:50.593768+00:00', 'childcare_support_base', 'https://www.kosodate.city.nagoya.jp/play/supportbases51.html', '23', '23100', '23109', NULL, '愛知県', '名古屋市', '緑区', '大高台二丁目1718番地', '緑区大高台二丁目1718番地', NULL, NULL),
  ('8c24a1b4-3c9c-4fe0-a9db-6de79257b418', 'おててのいえ', '千種区京命一丁目20-4', '090-8540-1081（開設時間内）', 'https://www.instagram.com/otete2708/', NULL, '2025-11-21T01:57:25.76864+00:00', '2025-11-21T02:20:50.593768+00:00', 'childcare_support_base', 'https://www.kosodate.city.nagoya.jp/play/supportbases34.html', '23', '23100', '23116', NULL, '愛知県', '名古屋市', '千種区', '京命一丁目20-4', '千種区京命一丁目20-4', NULL, NULL),
  ('8ea91e1d-e588-4c65-b6ed-15425f32ce80', 'よつ葉ひろば', '守山区瀬古1丁目220番地の2よつ葉こども園内', '052-793-4660', 'https://www.instagram.com/yotsuba_hiroba/', NULL, '2025-11-21T01:57:25.76864+00:00', '2025-11-21T02:20:50.593768+00:00', 'childcare_support_base', 'https://www.kosodate.city.nagoya.jp/play/supportbases50.html', '23', '23100', '23108', NULL, '愛知県', '名古屋市', '守山区', '瀬古1丁目220番地の2よつ葉こども園内', '守山区瀬古1丁目220番地の2よつ葉こども園内', NULL, NULL),
  ('93029435-74a0-4559-ab24-2a98aa6fa8f2', 'けいわKiddyルーム', '港区港栄4-4-12けいわ子育て支援棟2階', '090-9125-1001（開設時間内）', NULL, NULL, '2025-11-21T01:57:25.76864+00:00', '2025-11-21T02:20:50.593768+00:00', 'childcare_support_base', 'https://www.kosodate.city.nagoya.jp/play/supportbases27.html', '23', '23100', '23106', NULL, '愛知県', '名古屋市', '港区', '港栄4-4-12けいわ子育て支援棟2階', '港区港栄4-4-12けいわ子育て支援棟2階', NULL, NULL),
  ('96e34570-8609-406d-9cb4-4a763b457ef2', 'フルール', '名東区引山2-604オークヒルズカナレ1A', '090-6616-2787', 'https://www.instagram.com/fleur_kosodate/', NULL, '2025-11-21T01:57:25.76864+00:00', '2025-11-21T02:20:50.593768+00:00', 'childcare_support_base', 'https://www.kosodate.city.nagoya.jp/play/supportbases57.html', '23', '23100', '23110', NULL, '愛知県', '名古屋市', '名東区', '引山2-604オークヒルズカナレ1A', '名東区引山2-604オークヒルズカナレ1A', NULL, NULL),
  ('a15fc835-6d6b-4958-bb52-bd6c620f1809', 'まぁぶる', '名古屋市瑞穂区土市町一丁目50番地の3', '052-846-2216', 'https://www.instagram.com/npo.nijiiro/', NULL, '2025-11-21T01:57:25.76864+00:00', '2025-11-21T01:57:25.76864+00:00', 'childcare_ouen_base', 'https://www.kosodate.city.nagoya.jp/play/ouenkyoten10.html', '23', '23100', '23113', NULL, '愛知県', '名古屋市', '瑞穂区', '土市町一丁目50番地の3', '名古屋市瑞穂区土市町一丁目50番地の3', NULL, NULL),
  ('a1bc8c34-47ea-44d7-b40e-0cfa7d9230bb', 'ママバラ吉根', '守山区桔梗平2丁目1001 第2グリーンコーポ守山105号室', '070-3280-5902', 'https://www.instagram.com/mamabala_kikko/', NULL, '2025-11-21T01:57:25.76864+00:00', '2025-11-21T02:20:50.593768+00:00', 'childcare_support_base', 'https://www.kosodate.city.nagoya.jp/play/supportbases64.html', '23', '23100', '23108', NULL, '愛知県', '名古屋市', '守山区', '桔梗平2丁目1001 第2グリーンコーポ守山105号室', '守山区桔梗平2丁目1001 第2グリーンコーポ守山105号室', NULL, NULL),
  ('a2d5a1d7-fb8d-4c37-985f-3a14bd5ccc27', '葡萄の木', '緑区篠の風一丁目403番地', '052-891-1886', 'https://www.instagram.com/budounoki_nagoya/', NULL, '2025-11-21T01:57:25.76864+00:00', '2025-11-21T02:20:50.593768+00:00', 'childcare_support_base', 'https://www.kosodate.city.nagoya.jp/play/supportbases15.html', '23', '23100', '23109', NULL, '愛知県', '名古屋市', '緑区', '篠の風一丁目403番地', '緑区篠の風一丁目403番地', NULL, NULL),
  ('a60c66fc-5c84-475b-8076-5dca678cd8e1', 'こころん', '名東区上社3丁目903アルス88　102号', '080-3653-5561', 'https://www.instagram.com/nagoyakosodate.cocoron/', NULL, '2025-11-21T01:57:25.76864+00:00', '2025-11-21T02:20:50.593768+00:00', 'childcare_support_base', 'https://www.kosodate.city.nagoya.jp/play/supportbases56.html', '23', '23100', '23110', NULL, '愛知県', '名古屋市', '名東区', '上社3丁目903アルス88　102号', '名東区上社3丁目903アルス88　102号', NULL, NULL),
  ('b0b6c004-dfcc-4634-947d-5a2bda6be137', 'キッズランドどるふぃんくらぶ', '港区東海通三丁目20番地の5東海道3丁目ビル東棟2階', '080-3663-8003', 'https://www.instagram.com/kidsland_dolphinclub/', NULL, '2025-11-21T01:57:25.76864+00:00', '2025-11-21T02:20:50.593768+00:00', 'childcare_support_base', 'https://www.kosodate.city.nagoya.jp/play/supportbases39.html', '23', '23100', '23106', NULL, '愛知県', '名古屋市', '港区', '東海通三丁目20番地の5東海道3丁目ビル東棟2階', '港区東海通三丁目20番地の5東海道3丁目ビル東棟2階', NULL, NULL),
  ('b5a98611-31aa-42c5-b388-9f41b9b9bf4e', 'ゆるぽか', '中川区横前町16-4', '052-412-7070', 'https://www.instagram.com/yurupoka2525/', NULL, '2025-11-21T01:57:25.76864+00:00', '2025-11-21T02:20:50.593768+00:00', 'childcare_support_base', 'https://www.kosodate.city.nagoya.jp/play/supportbases08.html', '23', '23100', '23105', NULL, '愛知県', '名古屋市', '中川区', '横前町16-4', '中川区横前町16-4', NULL, NULL),
  ('b8c9be1d-993a-49b8-b406-045c0a7c83fa', 'おやこのおうち', '中村区橋下町3-34', '052-433-1928', 'https://www.instagram.com/oyakonoouchi/', NULL, '2025-11-21T01:57:25.76864+00:00', '2025-11-21T02:20:50.593768+00:00', 'childcare_support_base', 'https://www.kosodate.city.nagoya.jp/play/supportbases01.html', '23', '23100', '23104', NULL, '愛知県', '名古屋市', '中村区', '橋下町3-34', '中村区橋下町3-34', NULL, NULL),
  ('b90619a1-fc60-4b5f-afa7-d0c61ca73e5e', 'マイハウス', '中川区高畑三丁目40番地ブラザービル203', '052-304-7704', 'https://www.instagram.com/maihausu_dongurihiroba/', NULL, '2025-11-21T01:57:25.76864+00:00', '2025-11-21T02:20:50.593768+00:00', 'childcare_support_base', 'https://www.kosodate.city.nagoya.jp/play/supportbases25.html', '23', '23100', '23105', NULL, '愛知県', '名古屋市', '中川区', '高畑三丁目40番地ブラザービル203', '中川区高畑三丁目40番地ブラザービル203', NULL, NULL),
  ('b9dc8567-9a45-4251-9f8a-b7e997d54a7b', 'いずみ', '東区泉二丁目5-26泉ロイヤルビル2B', '052-908-5171', 'https://www.instagram.com/chunichikai.official/', NULL, '2025-11-21T01:57:25.76864+00:00', '2025-11-21T02:20:50.593768+00:00', 'childcare_support_base', 'https://www.kosodate.city.nagoya.jp/play/supportbases59.html', '23', '23100', '23112', NULL, '愛知県', '名古屋市', '東区', '泉二丁目5-26泉ロイヤルビル2B', '東区泉二丁目5-26泉ロイヤルビル2B', NULL, NULL),
  ('babdc9d0-e117-4361-934d-11201a2075e5', 'きゃら', '天白区植田3丁目109アーストンビル201号室', '052-875-7575', 'https://www.instagram.com/supportchara/', NULL, '2025-11-21T01:57:25.76864+00:00', '2025-11-21T02:20:50.593768+00:00', 'childcare_support_base', 'https://www.kosodate.city.nagoya.jp/play/supportbases33.html', '23', '23100', '23111', NULL, '愛知県', '名古屋市', '天白区', '植田3丁目109アーストンビル201号室', '天白区植田3丁目109アーストンビル201号室', NULL, NULL),
  ('bbe9d62b-301f-4dff-ba3f-2bca6e130167', 'めだかひろば', '守山区弁天が丘1106めだか保育園内', '052-737-8555', NULL, NULL, '2025-11-21T01:57:25.76864+00:00', '2025-11-21T02:20:50.593768+00:00', 'childcare_support_base', 'https://www.kosodate.city.nagoya.jp/play/supportbases29.html', '23', '23100', '23108', NULL, '愛知県', '名古屋市', '守山区', '弁天が丘1106めだか保育園内', '守山区弁天が丘1106めだか保育園内', NULL, NULL),
  ('bee26f3b-72b3-45cb-919f-96eb8e4a5657', 'ケロちゃん', '緑区鳴海町字鉾ノ木17番地の2', '052-718-3492', 'https://www.instagram.com/katahirakatarou_kero/', NULL, '2025-11-21T01:57:25.76864+00:00', '2025-11-21T02:20:50.593768+00:00', 'childcare_support_base', 'https://www.kosodate.city.nagoya.jp/play/supportbases32.html', '23', '23100', '23109', NULL, '愛知県', '名古屋市', '緑区', '鳴海町字鉾ノ木17番地の2', '緑区鳴海町字鉾ノ木17番地の2', NULL, NULL),
  ('bf58ba17-7bb6-4d77-bcb3-478fbbf5e73c', 'ぽかぽかひろば', '名古屋市中村区烏森町六丁目298番地', '052-485-7403', 'https://www.instagram.com/pokapoka_hiroba/', NULL, '2025-11-21T01:57:25.76864+00:00', '2025-11-21T01:57:25.76864+00:00', 'childcare_ouen_base', 'https://www.kosodate.city.nagoya.jp/play/ouenkyoten02.html', '23', '23100', '23104', NULL, '愛知県', '名古屋市', '中村区', '烏森町六丁目298番地', '名古屋市中村区烏森町六丁目298番地', NULL, NULL),
  ('c2472e82-3d8d-405e-ab2b-086a97fdf007', 'なないろの風船', '中川区八家町一丁目28番地アネックスMⅡ　102号室', '052-387-5496
                        080-7022-8096（9：30から14：30）', 'https://www.instagram.com/7colored_balloon/', NULL, '2025-11-21T01:57:25.76864+00:00', '2025-11-21T02:20:50.593768+00:00', 'childcare_support_base', 'https://www.kosodate.city.nagoya.jp/play/supportbases61.html', '23', '23100', '23105', NULL, '愛知県', '名古屋市', '中川区', '八家町一丁目28番地アネックスMⅡ　102号室', '中川区八家町一丁目28番地アネックスMⅡ　102号室', NULL, NULL),
  ('c7ee94f3-a672-47f3-ade8-0fa3e4b74b9c', 'すぎぱーく', '千種区星が丘元町17番3号', '052-781-4097', 'https://www.instagram.com/sugiyama_sugipark/', NULL, '2025-11-21T01:57:25.76864+00:00', '2025-11-21T02:20:50.593768+00:00', 'childcare_support_base', 'https://www.kosodate.city.nagoya.jp/play/supportbases44.html', '23', '23100', '23116', NULL, '愛知県', '名古屋市', '千種区', '星が丘元町17番3号', '千種区星が丘元町17番3号', NULL, NULL),
  ('c943624a-e348-4642-8588-d55049e5effa', 'えがお', '熱田区五番町6-9', '052-355-6220', 'https://www.instagram.com/egao_kosodateshien/', NULL, '2025-11-21T01:57:25.76864+00:00', '2025-11-21T02:20:50.593768+00:00', 'childcare_ouen_base', 'https://www.kosodate.city.nagoya.jp/play/ouenkyoten15.html', '23', '23100', '23114', NULL, '愛知県', '名古屋市', '熱田区', '五番町6-9', '熱田区五番町6-9', NULL, NULL),
  ('ceee9dbc-8268-4022-a6a3-25a4acda494b', '758キッズステーション', '名古屋市中区栄三丁目18番1号ナディアパーク ビジネスセンタービル6階', '052-262-2372', NULL, 'https://www.kosodate.city.nagoya.jp/kids/outline.html', '2026-02-24T02:39:24.572554+00:00', '2026-02-24T02:39:24.572554+00:00', 'childcare_support_base', 'https://www.kosodate.city.nagoya.jp/kids/outline.html', NULL, NULL, NULL, '460-0008', '愛知県', '名古屋市', '中区', NULL, '名古屋市中区栄三丁目18番1号ナディアパーク ビジネスセンタービル6階', NULL, NULL),
  ('cf986b1b-2f32-4c5f-9f95-8e5ebaf60e30', 'なっちゃん', '西区江向町6-37サステナブル庄内通　1階', '080-9200-0600', 'https://www.instagram.com/nazukanonatchan/', NULL, '2025-11-21T01:57:25.76864+00:00', '2025-11-21T02:20:50.593768+00:00', 'childcare_support_base', 'https://www.kosodate.city.nagoya.jp/play/supportbases60.html', '23', '23100', '23103', NULL, '愛知県', '名古屋市', '西区', '江向町6-37サステナブル庄内通　1階', '西区江向町6-37サステナブル庄内通　1階', NULL, NULL),
  ('d2747126-aaa2-489c-b62f-c01fd8df00f7', 'ママバラ', '中川区荒江町35-16グランレーヴZION 201', '080-7581-6436', 'https://www.instagram.com/mamabala_yawata/', NULL, '2025-11-21T01:57:25.76864+00:00', '2025-11-21T02:20:50.593768+00:00', 'childcare_support_base', 'https://www.kosodate.city.nagoya.jp/play/supportbases54.html', '23', '23100', '23105', NULL, '愛知県', '名古屋市', '中川区', '荒江町35-16グランレーヴZION 201', '中川区荒江町35-16グランレーヴZION 201', NULL, NULL),
  ('d2ccaea3-2240-48fd-b001-9a627a41915c', 'マーガレットま～ま', '名古屋市天白区野並二丁目104番地', '052-875-4550', 'https://www.instagram.com/margaret.ma_ma/', NULL, '2025-11-21T01:57:25.76864+00:00', '2025-11-21T01:57:25.76864+00:00', 'childcare_ouen_base', 'https://www.kosodate.city.nagoya.jp/play/ouenkyoten04.html', '23', '23100', '23111', NULL, '愛知県', '名古屋市', '天白区', '野並二丁目104番地', '名古屋市天白区野並二丁目104番地', NULL, NULL),
  ('d3330494-45d8-4565-8021-8532d155da22', 'フレンズあおぞら', '中川区富田町大字榎津字西新海1235番地あおぞらこどもえん内', '052-355-8050', 'https://www.instagram.com/hikari_kodomoen/', NULL, '2025-11-21T01:57:25.76864+00:00', '2025-11-21T02:20:50.593768+00:00', 'childcare_support_base', 'https://www.kosodate.city.nagoya.jp/play/supportbases46.html', '23', '23100', '23105', NULL, '愛知県', '名古屋市', '中川区', '富田町大字榎津字西新海1235番地あおぞらこどもえん内', '中川区富田町大字榎津字西新海1235番地あおぞらこどもえん内', NULL, NULL),
  ('e5c95b0e-e5b0-42b4-a6cb-f6da167a74b7', 'さくらあそび場', '南区呼続4丁目26-37児童養護施設　名古屋養育院内', '052-821-7867', 'https://www.instagram.com/sakura_asobiba/', NULL, '2025-11-21T01:57:25.76864+00:00', '2025-11-21T02:20:50.593768+00:00', 'childcare_support_base', 'https://www.kosodate.city.nagoya.jp/play/supportbases28.html', '23', '23100', '23107', NULL, '愛知県', '名古屋市', '南区', '呼続4丁目26-37児童養護施設　名古屋養育院内', '南区呼続4丁目26-37児童養護施設　名古屋養育院内', NULL, NULL),
  ('ee5c8719-9d8a-465b-9932-21919b58586f', '蜜柑の木', '緑区鳴海町前之輪39番地', '080-2649-4264', 'https://www.instagram.com/mikannoki_nagoya/', NULL, '2025-11-21T01:57:25.76864+00:00', '2025-11-21T02:20:50.593768+00:00', 'childcare_support_base', 'https://www.kosodate.city.nagoya.jp/play/supportbases42.html', '23', '23100', '23109', NULL, '愛知県', '名古屋市', '緑区', '鳴海町前之輪39番地', '緑区鳴海町前之輪39番地', NULL, NULL),
  ('f07a0f19-56a7-4b72-a80e-1ecd004dd164', '遊モア柳原', '名古屋市北区柳原四丁目5番11号', '052-908-1841', 'https://www.instagram.com/npo.mamekko/', NULL, '2025-11-21T01:57:25.76864+00:00', '2025-11-21T01:57:25.76864+00:00', 'childcare_ouen_base', 'https://www.kosodate.city.nagoya.jp/play/ouenkyoten09.html', '23', '23100', '23102', NULL, '愛知県', '名古屋市', '北区', '柳原四丁目5番11号', '名古屋市北区柳原四丁目5番11号', NULL, NULL),
  ('f23354dc-e047-4f80-b807-859a77bf4460', '遊モア　あじま', '北区楠味鋺3-407ホワイトハウス2F', '052-902-5557', 'https://www.instagram.com/npo.mamekko/', NULL, '2025-11-21T01:57:25.76864+00:00', '2025-11-21T02:20:50.593768+00:00', 'childcare_support_base', 'https://www.kosodate.city.nagoya.jp/play/supportbases37.html', '23', '23100', '23102', NULL, '愛知県', '名古屋市', '北区', '楠味鋺3-407ホワイトハウス2F', '北区楠味鋺3-407ホワイトハウス2F', NULL, NULL),
  ('f28b50b0-bdf1-45e7-ad42-c4574a480860', '林檎の木', '名東区よもぎ台1丁目203よもぎの郷R＆S　102', '070-1616-0798', 'https://instagram.com/ringonoki2020/', NULL, '2025-11-21T01:57:25.76864+00:00', '2025-11-21T02:20:50.593768+00:00', 'childcare_support_base', 'https://www.kosodate.city.nagoya.jp/play/supportbases58.html', '23', '23100', '23110', NULL, '愛知県', '名古屋市', '名東区', 'よもぎ台1丁目203よもぎの郷R＆S　102', '名東区よもぎ台1丁目203よもぎの郷R＆S　102', NULL, NULL),
  ('f2c72d65-80f4-4492-af58-2197523e6edf', 'おやこっこみなと（福田）（出張ひろば）', '港区船頭場四丁目213番地福田コミュニティセンター', '052-870-4657', 'https://www.instagram.com/oyakokko_minato/', NULL, '2025-11-21T01:57:25.76864+00:00', '2025-11-21T02:20:50.593768+00:00', 'childcare_support_base', 'https://www.kosodate.city.nagoya.jp/play/supportbases10.html', '23', '23100', '23106', NULL, '愛知県', '名古屋市', '港区', '船頭場四丁目213番地福田コミュニティセンター', '港区船頭場四丁目213番地福田コミュニティセンター', NULL, NULL),
  ('f4ced207-a55c-471c-837d-c67dddef0320', 'こころと', '名古屋市昭和区雪見町2丁目14番地', '052-784-7787', 'https://www.instagram.com/kokoroto.hiroba/', NULL, '2025-11-21T01:57:25.76864+00:00', '2025-11-21T01:57:25.76864+00:00', 'childcare_ouen_base', 'https://www.kosodate.city.nagoya.jp/play/ouenkyoten07.html', '23', '23100', '23115', NULL, '愛知県', '名古屋市', '昭和区', '雪見町2丁目14番地', '名古屋市昭和区雪見町2丁目14番地', NULL, NULL),
  ('f7a0a5e8-15b6-494e-92f3-df67ee4c97cc', 'かぞくのとまり木　緑', '緑区姥子山5丁目711', '052-746-2990', 'https://www.instagram.com/kazokunotomariki/', NULL, '2025-11-21T01:57:25.76864+00:00', '2025-11-21T02:20:50.593768+00:00', 'childcare_support_base', 'https://www.kosodate.city.nagoya.jp/play/supportbases31.html', '23', '23100', '23109', NULL, '愛知県', '名古屋市', '緑区', '姥子山5丁目711', '緑区姥子山5丁目711', NULL, NULL),
  ('fb02df3e-8a8b-46b8-a516-e55d8e19caf7', 'どるふぃんくらぶ瑞穂ヶ丘', '瑞穂区船原町1-5-1ひかりビル1-B号室', '080-4214-0878', 'https://www.instagram.com/dolphinclub_mizuhogaoka/', NULL, '2025-11-21T01:57:25.76864+00:00', '2025-11-21T02:20:50.593768+00:00', 'childcare_support_base', 'https://www.kosodate.city.nagoya.jp/play/supportbases45.html', '23', '23100', '23113', NULL, '愛知県', '名古屋市', '瑞穂区', '船原町1-5-1ひかりビル1-B号室', '瑞穂区船原町1-5-1ひかりビル1-B号室', NULL, NULL),
  ('fd1836c5-3641-4296-8247-97b89854dfc9', 'おやこっこなか', '名古屋市中区錦三丁目2-32錦アクシスビル2階', '052-228-8464', 'https://www.instagram.com/oyakokko_naka/', NULL, '2025-11-21T01:57:25.76864+00:00', '2025-11-21T01:57:25.76864+00:00', 'childcare_ouen_base', 'https://www.kosodate.city.nagoya.jp/play/ouenkyoten06.html', '23', '23100', '23101', NULL, '愛知県', '名古屋市', '中区', '錦三丁目2-32錦アクシスビル2階', '名古屋市中区錦三丁目2-32錦アクシスビル2階', NULL, NULL),
  ('feecc910-72eb-4815-ba6e-2d372d99eb9d', '遊モア　平安通', '北区若葉通3-18-1第三大曽根ビル1階南号室', '052-914-2792', 'https://www.instagram.com/npo.mamekko/', NULL, '2025-11-21T01:57:25.76864+00:00', '2025-11-21T02:20:50.593768+00:00', 'childcare_support_base', 'https://www.kosodate.city.nagoya.jp/play/supportbases18.html', '23', '23100', '23102', NULL, '愛知県', '名古屋市', '北区', '若葉通3-18-1第三大曽根ビル1階南号室', '北区若葉通3-18-1第三大曽根ビル1階南号室', NULL, NULL);

-- facility_schedules (70 rows)
INSERT INTO public.facility_schedules (id, facility_id, open_time, close_time, monday, tuesday, wednesday, thursday, friday, saturday, sunday, holiday, created_at, updated_at) VALUES
  ('85de9ec5-fad9-4f0f-bd77-2dc312a4d191', '06ff5628-a379-47ee-a3e8-79b40039fda2', '09:30:00', '14:30:00', TRUE, TRUE, TRUE, TRUE, TRUE, FALSE, FALSE, FALSE, '2026-02-20T02:29:22.839137+00:00', '2026-02-20T02:29:22.839137+00:00'),
  ('09ab19fd-13e1-4b01-bd8f-5616be5d04fd', '088a4ff7-55d4-447d-b983-842d3297cdb9', '09:00:00', '15:00:00', FALSE, TRUE, TRUE, TRUE, TRUE, TRUE, FALSE, FALSE, '2026-02-20T02:29:22.839137+00:00', '2026-02-20T02:29:22.839137+00:00'),
  ('0d4abedf-6196-4c0b-ac2c-226c136a9f36', '0c484e73-8605-47c7-beef-d4554897e9bc', '10:00:00', '15:00:00', TRUE, TRUE, TRUE, TRUE, TRUE, FALSE, FALSE, FALSE, '2026-02-20T02:29:22.839137+00:00', '2026-02-20T02:29:22.839137+00:00'),
  ('700a61d3-64c9-4c4b-ad77-faf3810e9d68', '0e7d7f1e-84fd-402e-9578-1897fdb8ea22', '09:30:00', '15:30:00', TRUE, TRUE, FALSE, TRUE, TRUE, TRUE, FALSE, FALSE, '2026-02-20T02:29:22.839137+00:00', '2026-02-20T02:29:22.839137+00:00'),
  ('48689393-9ef8-49d6-a726-bc7f59ee275e', '0ee5fe03-6fbb-4c4e-a48a-669c0f6fa477', '09:30:00', '15:30:00', TRUE, TRUE, TRUE, FALSE, TRUE, TRUE, FALSE, FALSE, '2026-02-20T02:29:22.839137+00:00', '2026-02-20T02:29:22.839137+00:00'),
  ('c2c1977e-fb8d-4128-9075-8bb2a597a5d9', '10c3518d-009d-493b-9200-b29d076989cd', '10:00:00', '15:00:00', TRUE, TRUE, TRUE, TRUE, TRUE, FALSE, FALSE, FALSE, '2026-02-20T02:29:22.839137+00:00', '2026-02-20T02:29:22.839137+00:00'),
  ('e3e71c0a-6e7a-4685-ba31-69a982593e3e', '1638c939-34ac-4634-85cd-31bb72f0f0b4', '09:30:00', '14:30:00', TRUE, TRUE, FALSE, TRUE, TRUE, FALSE, TRUE, FALSE, '2026-02-20T02:29:22.839137+00:00', '2026-02-20T02:29:22.839137+00:00'),
  ('b14befa9-e06d-4eb3-8acd-3b2056245520', '1dfd2a31-624b-4c76-880a-e0c8b520c968', '09:00:00', '14:00:00', TRUE, FALSE, TRUE, TRUE, TRUE, FALSE, FALSE, FALSE, '2026-02-20T02:29:22.839137+00:00', '2026-02-20T02:29:22.839137+00:00'),
  ('5993d366-0f94-4fed-ba8a-7ece336d37f4', '1dfd2a31-624b-4c76-880a-e0c8b520c968', '12:00:00', '17:00:00', FALSE, TRUE, FALSE, FALSE, FALSE, FALSE, FALSE, FALSE, '2026-02-20T02:29:22.839137+00:00', '2026-02-20T02:29:22.839137+00:00'),
  ('c0441db5-e617-4938-be52-101664d61531', '1f8ab05f-2acb-4f70-9847-9c7d3def177f', '10:00:00', '15:00:00', TRUE, FALSE, TRUE, TRUE, TRUE, TRUE, FALSE, FALSE, '2026-02-20T02:29:22.839137+00:00', '2026-02-20T02:29:22.839137+00:00'),
  ('4279cad2-e360-4dec-92e7-eb7cdaec21b6', '27b0ba12-6687-4607-9a92-1546179d24e2', '09:00:00', '15:00:00', TRUE, TRUE, FALSE, TRUE, TRUE, TRUE, FALSE, FALSE, '2026-02-20T02:29:22.839137+00:00', '2026-02-20T02:29:22.839137+00:00'),
  ('4ea1df83-02f9-4f0d-aa1b-335fbcfffdce', '2b9f5d21-54dc-4867-ba2d-8e3f3b290ff8', '10:00:00', '15:00:00', TRUE, TRUE, TRUE, TRUE, TRUE, FALSE, FALSE, FALSE, '2026-02-20T02:29:22.839137+00:00', '2026-02-20T02:29:22.839137+00:00'),
  ('cf085539-f71b-45fd-9332-315f332791c5', '2c3b1d86-9922-4986-910a-9761a9ba06b7', '09:30:00', '14:30:00', TRUE, FALSE, TRUE, TRUE, TRUE, TRUE, FALSE, FALSE, '2026-02-20T02:29:22.839137+00:00', '2026-02-20T02:29:22.839137+00:00'),
  ('8299da63-aa6d-45a7-b55a-f72cdda31a57', '37a05f7d-6acd-44c1-a9a0-6309dec53644', '09:30:00', '15:30:00', FALSE, TRUE, TRUE, TRUE, TRUE, TRUE, FALSE, FALSE, '2026-02-20T02:29:22.839137+00:00', '2026-02-20T02:29:22.839137+00:00'),
  ('7786451b-9244-4744-9ad5-9e9002b369f8', '39b9573e-070c-4c43-ab9f-df6f304f7f39', '09:30:00', '14:30:00', TRUE, TRUE, TRUE, TRUE, TRUE, FALSE, FALSE, FALSE, '2026-02-20T02:29:22.839137+00:00', '2026-02-20T02:29:22.839137+00:00'),
  ('d475e594-49de-4114-b657-e6b11ae088a9', '3e7f8366-981f-41fe-b25b-6e41b74c0d3b', '10:00:00', '15:00:00', TRUE, TRUE, TRUE, TRUE, TRUE, FALSE, FALSE, FALSE, '2026-02-20T02:29:22.839137+00:00', '2026-02-20T02:29:22.839137+00:00'),
  ('9a1d91f9-3cb2-49c5-bf2f-0dc49341a3aa', '421c6907-8492-4cea-87ef-b92e49648488', '10:00:00', '13:00:00', TRUE, TRUE, TRUE, TRUE, TRUE, FALSE, FALSE, FALSE, '2026-02-20T02:29:22.839137+00:00', '2026-02-20T02:29:22.839137+00:00'),
  ('43bc307c-8693-4fd8-aa6f-267566f632f7', '421c6907-8492-4cea-87ef-b92e49648488', '10:00:00', '15:00:00', TRUE, TRUE, TRUE, TRUE, TRUE, FALSE, FALSE, FALSE, '2026-02-20T02:29:22.839137+00:00', '2026-02-20T02:29:22.839137+00:00'),
  ('544ad8e2-b753-41f2-b01d-7551a7df9cb6', '4e38d1a5-8737-4eb7-9a23-cdd981e7e879', '09:30:00', '14:30:00', TRUE, TRUE, FALSE, TRUE, TRUE, TRUE, FALSE, FALSE, '2026-02-20T02:29:22.839137+00:00', '2026-02-20T02:29:22.839137+00:00'),
  ('2b7a651b-3615-44c4-a0c2-e028c39e3f07', '55da4a97-ea89-42fe-b153-5bcf5ff44a62', '09:30:00', '15:30:00', TRUE, FALSE, TRUE, TRUE, TRUE, TRUE, FALSE, FALSE, '2026-02-20T02:29:22.839137+00:00', '2026-02-20T02:29:22.839137+00:00'),
  ('1c3c01d5-ed9a-47a8-a3c7-22508dfac93e', '595eaca3-041a-4053-8e04-9015dd155b78', '10:00:00', '15:00:00', TRUE, TRUE, TRUE, TRUE, FALSE, TRUE, FALSE, FALSE, '2026-02-20T02:29:22.839137+00:00', '2026-02-20T02:29:22.839137+00:00'),
  ('400bf9a1-8649-4302-bfd5-ee620071b46a', '595eaca3-041a-4053-8e04-9015dd155b78', '10:30:00', '15:30:00', TRUE, TRUE, TRUE, TRUE, FALSE, TRUE, FALSE, FALSE, '2026-02-20T02:29:22.839137+00:00', '2026-02-20T02:29:22.839137+00:00'),
  ('284c7837-8f11-4944-aace-866556295116', '5e98c40f-0db6-4fc7-a3c7-e806cd354226', '09:30:00', '14:30:00', TRUE, TRUE, TRUE, TRUE, TRUE, FALSE, FALSE, FALSE, '2026-02-20T02:29:22.839137+00:00', '2026-02-20T02:29:22.839137+00:00'),
  ('681cfbcd-3186-4bc8-9035-60cdf84e8f5b', '6243b018-95e2-4298-bc89-5af4436fe8a9', '09:00:00', '14:00:00', TRUE, TRUE, TRUE, TRUE, TRUE, FALSE, FALSE, FALSE, '2026-02-20T02:29:22.839137+00:00', '2026-02-20T02:29:22.839137+00:00'),
  ('ba634f1f-48b5-4a6b-b61a-9fd0760fd6bb', '63a69b16-11f3-41ad-9485-7e5546e35d5b', '09:30:00', '15:30:00', FALSE, TRUE, TRUE, TRUE, TRUE, TRUE, FALSE, FALSE, '2026-02-20T02:29:22.839137+00:00', '2026-02-20T02:29:22.839137+00:00'),
  ('843f5261-ea3b-4396-91ed-84cffca64e0a', '6b59074d-2ca6-464f-93f0-f70224dbb39b', '09:30:00', '15:30:00', TRUE, TRUE, FALSE, TRUE, TRUE, FALSE, FALSE, FALSE, '2026-02-20T02:29:22.839137+00:00', '2026-02-20T02:29:22.839137+00:00'),
  ('6159fdcd-a9f3-43ea-a599-642b87079688', '6dff56fd-2bf2-4575-a677-53f0c8ab81f6', '09:00:00', '15:00:00', TRUE, TRUE, TRUE, FALSE, TRUE, TRUE, FALSE, FALSE, '2026-02-20T02:29:22.839137+00:00', '2026-02-20T02:29:22.839137+00:00'),
  ('77fdd996-9435-4f75-9396-9cb69d8b1a99', '70e6d3a8-53d3-4fa1-bc71-dc0466bc667c', '10:00:00', '15:00:00', TRUE, TRUE, TRUE, TRUE, TRUE, FALSE, FALSE, FALSE, '2026-02-20T02:29:22.839137+00:00', '2026-02-20T02:29:22.839137+00:00'),
  ('4fc191e3-55f1-4e65-b113-439ede38f5c0', '82ca437b-f5c5-4dea-8ce3-45e44b7e685b', '09:00:00', '14:00:00', FALSE, TRUE, TRUE, TRUE, TRUE, TRUE, FALSE, FALSE, '2026-02-20T02:29:22.839137+00:00', '2026-02-20T02:29:22.839137+00:00'),
  ('346c9558-bb8e-47c7-a143-54886f9fb7e0', '8c24a1b4-3c9c-4fe0-a9db-6de79257b418', '09:30:00', '14:30:00', TRUE, TRUE, TRUE, TRUE, TRUE, FALSE, FALSE, FALSE, '2026-02-20T02:29:22.839137+00:00', '2026-02-20T02:29:22.839137+00:00'),
  ('f35dc2c5-7c7b-44e9-9a2b-bb95258ac23a', '8ea91e1d-e588-4c65-b6ed-15425f32ce80', '10:00:00', '15:00:00', TRUE, TRUE, TRUE, TRUE, TRUE, FALSE, FALSE, FALSE, '2026-02-20T02:29:22.839137+00:00', '2026-02-20T02:29:22.839137+00:00'),
  ('a72924aa-bfc0-45ef-96f9-9fa597dd046c', '93029435-74a0-4559-ab24-2a98aa6fa8f2', '09:00:00', '14:00:00', TRUE, TRUE, TRUE, TRUE, TRUE, FALSE, FALSE, FALSE, '2026-02-20T02:29:22.839137+00:00', '2026-02-20T02:29:22.839137+00:00'),
  ('90e001a3-c580-468a-9255-a6dbb3a364b2', '96e34570-8609-406d-9cb4-4a763b457ef2', '09:45:00', '14:45:00', TRUE, TRUE, TRUE, TRUE, TRUE, FALSE, FALSE, FALSE, '2026-02-20T02:29:22.839137+00:00', '2026-02-20T02:29:22.839137+00:00'),
  ('1bac418b-8339-49ef-af25-2e65023a7a27', 'a15fc835-6d6b-4958-bb52-bd6c620f1809', '09:00:00', '15:00:00', TRUE, FALSE, TRUE, TRUE, TRUE, TRUE, FALSE, FALSE, '2026-02-20T02:29:22.839137+00:00', '2026-02-20T02:29:22.839137+00:00'),
  ('c6b9109a-e888-4c2b-ab24-acc64875fc66', 'a1bc8c34-47ea-44d7-b40e-0cfa7d9230bb', '09:00:00', '14:00:00', TRUE, TRUE, TRUE, TRUE, TRUE, FALSE, FALSE, FALSE, '2026-02-20T02:29:22.839137+00:00', '2026-02-20T02:29:22.839137+00:00'),
  ('710c11e7-0415-40e9-86d4-3072d7c6fd36', 'a2d5a1d7-fb8d-4c37-985f-3a14bd5ccc27', '09:30:00', '14:30:00', FALSE, TRUE, TRUE, TRUE, FALSE, FALSE, TRUE, FALSE, '2026-02-20T02:29:22.839137+00:00', '2026-02-20T02:29:22.839137+00:00'),
  ('d6c1126b-73c4-44d4-9567-4a1db59ac050', 'a2d5a1d7-fb8d-4c37-985f-3a14bd5ccc27', '10:30:00', '15:30:00', FALSE, TRUE, TRUE, TRUE, FALSE, FALSE, TRUE, FALSE, '2026-02-20T02:29:22.839137+00:00', '2026-02-20T02:29:22.839137+00:00'),
  ('405a8183-91af-41dc-a1fa-5df634d2ee72', 'a60c66fc-5c84-475b-8076-5dca678cd8e1', '09:30:00', '14:30:00', TRUE, FALSE, TRUE, TRUE, TRUE, TRUE, FALSE, FALSE, '2026-02-20T02:29:22.839137+00:00', '2026-02-20T02:29:22.839137+00:00'),
  ('0a0805ab-64b4-4fa5-8814-2ee7cabb0c36', 'b0b6c004-dfcc-4634-947d-5a2bda6be137', '10:00:00', '15:00:00', TRUE, FALSE, FALSE, TRUE, TRUE, TRUE, TRUE, FALSE, '2026-02-20T02:29:22.839137+00:00', '2026-02-20T02:29:22.839137+00:00'),
  ('61a5380b-30e7-48ba-96e0-0d142255f338', 'b5a98611-31aa-42c5-b388-9f41b9b9bf4e', '09:30:00', '14:30:00', TRUE, TRUE, TRUE, TRUE, TRUE, FALSE, FALSE, FALSE, '2026-02-20T02:29:22.839137+00:00', '2026-02-20T02:29:22.839137+00:00'),
  ('b315eafb-ebd2-4f19-bc6c-122de42b9169', 'b8c9be1d-993a-49b8-b406-045c0a7c83fa', '10:00:00', '15:00:00', TRUE, TRUE, TRUE, TRUE, TRUE, FALSE, FALSE, FALSE, '2026-02-20T02:29:22.839137+00:00', '2026-02-20T02:29:22.839137+00:00'),
  ('f19b6450-bb34-4bac-a72d-450e13741749', 'b90619a1-fc60-4b5f-afa7-d0c61ca73e5e', '09:30:00', '14:30:00', FALSE, TRUE, TRUE, TRUE, TRUE, TRUE, FALSE, FALSE, '2026-02-20T02:29:22.839137+00:00', '2026-02-20T02:29:22.839137+00:00'),
  ('733afcc0-279b-44a0-a25e-498e976e46e0', 'b9dc8567-9a45-4251-9f8a-b7e997d54a7b', '09:30:00', '14:30:00', TRUE, TRUE, TRUE, TRUE, TRUE, FALSE, FALSE, FALSE, '2026-02-20T02:29:22.839137+00:00', '2026-02-20T02:29:22.839137+00:00'),
  ('efeff6d6-c85d-4b54-8dbd-3bf5595d8ed3', 'babdc9d0-e117-4361-934d-11201a2075e5', '10:00:00', '15:00:00', TRUE, TRUE, TRUE, TRUE, TRUE, FALSE, FALSE, FALSE, '2026-02-20T02:29:22.839137+00:00', '2026-02-20T02:29:22.839137+00:00'),
  ('603b1578-0989-4c43-bbe0-db499e6fb2b5', 'bbe9d62b-301f-4dff-ba3f-2bca6e130167', '09:30:00', '12:00:00', TRUE, TRUE, TRUE, TRUE, TRUE, FALSE, FALSE, FALSE, '2026-02-20T02:29:22.839137+00:00', '2026-02-20T02:29:22.839137+00:00'),
  ('3af44265-2d6c-4a28-8df9-15795e9635e6', 'bbe9d62b-301f-4dff-ba3f-2bca6e130167', '15:00:00', '17:30:00', TRUE, TRUE, TRUE, TRUE, TRUE, FALSE, FALSE, FALSE, '2026-02-20T02:29:22.839137+00:00', '2026-02-20T02:29:22.839137+00:00'),
  ('aefa1dc0-ee6c-4d8e-9b36-fe83569c1e79', 'bee26f3b-72b3-45cb-919f-96eb8e4a5657', '10:00:00', '15:00:00', TRUE, TRUE, TRUE, TRUE, TRUE, FALSE, FALSE, FALSE, '2026-02-20T02:29:22.839137+00:00', '2026-02-20T02:29:22.839137+00:00'),
  ('c2b1090f-5bab-47c2-82a9-0d0f9872bf8a', 'bf58ba17-7bb6-4d77-bcb3-478fbbf5e73c', '09:30:00', '15:30:00', TRUE, TRUE, TRUE, FALSE, TRUE, TRUE, FALSE, FALSE, '2026-02-20T02:29:22.839137+00:00', '2026-02-20T02:29:22.839137+00:00'),
  ('79df4e55-c2af-4c6f-bc3b-3db1cf70ce21', 'c2472e82-3d8d-405e-ab2b-086a97fdf007', '09:30:00', '14:30:00', TRUE, TRUE, TRUE, FALSE, TRUE, TRUE, FALSE, FALSE, '2026-02-20T02:29:22.839137+00:00', '2026-02-20T02:29:22.839137+00:00'),
  ('ce240e65-6de7-4c34-9b17-64fce078f2da', 'c7ee94f3-a672-47f3-ade8-0fa3e4b74b9c', '10:00:00', '15:00:00', TRUE, TRUE, TRUE, TRUE, TRUE, FALSE, FALSE, FALSE, '2026-02-20T02:29:22.839137+00:00', '2026-02-20T02:29:22.839137+00:00'),
  ('5d1c947d-326d-4531-bafc-f47913722883', 'c943624a-e348-4642-8588-d55049e5effa', '09:00:00', '15:00:00', TRUE, FALSE, TRUE, TRUE, TRUE, TRUE, FALSE, FALSE, '2026-02-20T02:29:22.839137+00:00', '2026-02-20T02:29:22.839137+00:00'),
  ('8debbe57-ef87-490b-9041-b5606b8a4083', 'ceee9dbc-8268-4022-a6a3-25a4acda494b', '10:30:00', '17:30:00', TRUE, TRUE, TRUE, TRUE, TRUE, TRUE, TRUE, FALSE, '2026-02-24T02:39:25.739072+00:00', '2026-02-24T02:39:25.739072+00:00'),
  ('c0f3128d-2eb4-4521-b981-1be9eaba5649', 'cf986b1b-2f32-4c5f-9f95-8e5ebaf60e30', '09:00:00', '14:00:00', FALSE, TRUE, TRUE, TRUE, TRUE, TRUE, FALSE, FALSE, '2026-02-20T02:29:22.839137+00:00', '2026-02-20T02:29:22.839137+00:00'),
  ('1edb8148-7412-4c82-ba35-d1da53911e4e', 'd2747126-aaa2-489c-b62f-c01fd8df00f7', '09:30:00', '14:30:00', TRUE, TRUE, TRUE, TRUE, TRUE, FALSE, FALSE, FALSE, '2026-02-20T02:29:22.839137+00:00', '2026-02-20T02:29:22.839137+00:00'),
  ('33d403c7-35f4-4a53-ad8d-7cae3c2455f1', 'd2ccaea3-2240-48fd-b001-9a627a41915c', '09:00:00', '15:00:00', TRUE, FALSE, FALSE, TRUE, FALSE, TRUE, FALSE, FALSE, '2026-02-20T02:29:22.839137+00:00', '2026-02-20T02:29:22.839137+00:00'),
  ('91a436f0-d47c-4fea-8a5b-c51ac945744b', 'd2ccaea3-2240-48fd-b001-9a627a41915c', '09:00:00', '17:00:00', FALSE, FALSE, TRUE, FALSE, TRUE, FALSE, FALSE, FALSE, '2026-02-20T02:29:22.839137+00:00', '2026-02-20T02:29:22.839137+00:00'),
  ('1c39a923-103c-4f20-9de0-3848b183dc92', 'd3330494-45d8-4565-8021-8532d155da22', '09:30:00', '14:30:00', TRUE, TRUE, TRUE, TRUE, TRUE, FALSE, FALSE, FALSE, '2026-02-20T02:29:22.839137+00:00', '2026-02-20T02:29:22.839137+00:00'),
  ('39ed422d-3ec5-4846-a575-d7c885a15633', 'e5c95b0e-e5b0-42b4-a6cb-f6da167a74b7', '09:00:00', '14:00:00', TRUE, TRUE, TRUE, TRUE, TRUE, FALSE, FALSE, FALSE, '2026-02-20T02:29:22.839137+00:00', '2026-02-20T02:29:22.839137+00:00'),
  ('b26e65f4-0e57-40ba-83d1-1611b23b9e81', 'ee5c8719-9d8a-465b-9932-21919b58586f', '10:00:00', '15:00:00', TRUE, TRUE, TRUE, TRUE, TRUE, FALSE, FALSE, FALSE, '2026-02-20T02:29:22.839137+00:00', '2026-02-20T02:29:22.839137+00:00'),
  ('e3e0e88b-1178-41b9-8bba-5018f8ea4d0d', 'f07a0f19-56a7-4b72-a80e-1ecd004dd164', '09:30:00', '15:30:00', TRUE, TRUE, TRUE, FALSE, TRUE, TRUE, FALSE, FALSE, '2026-02-20T02:29:22.839137+00:00', '2026-02-20T02:29:22.839137+00:00'),
  ('edcb7488-dda4-429c-91a0-681962d0abb7', 'f23354dc-e047-4f80-b807-859a77bf4460', '09:30:00', '14:30:00', TRUE, TRUE, TRUE, FALSE, TRUE, TRUE, FALSE, FALSE, '2026-02-20T02:29:22.839137+00:00', '2026-02-20T02:29:22.839137+00:00'),
  ('6872d602-dae0-40bb-9b5a-4aa2beb7648b', 'f28b50b0-bdf1-45e7-ad42-c4574a480860', '10:00:00', '15:00:00', FALSE, TRUE, TRUE, TRUE, TRUE, TRUE, FALSE, FALSE, '2026-02-20T02:29:22.839137+00:00', '2026-02-20T02:29:22.839137+00:00'),
  ('39b68d41-b4e2-4942-ac56-8b759a039fb7', 'f2c72d65-80f4-4492-af58-2197523e6edf', '10:00:00', '15:00:00', TRUE, FALSE, FALSE, FALSE, TRUE, FALSE, FALSE, FALSE, '2026-02-20T02:29:22.839137+00:00', '2026-02-20T02:29:22.839137+00:00'),
  ('1aa78ba7-31ca-4440-87f8-0dbae0e51366', 'f4ced207-a55c-471c-837d-c67dddef0320', '09:30:00', '15:30:00', TRUE, TRUE, FALSE, TRUE, TRUE, TRUE, FALSE, FALSE, '2026-02-20T02:29:22.839137+00:00', '2026-02-20T02:29:22.839137+00:00'),
  ('f3900db4-71d8-4910-86e8-f57cce1e3a0c', 'f7a0a5e8-15b6-494e-92f3-df67ee4c97cc', '10:00:00', '15:00:00', TRUE, TRUE, TRUE, TRUE, TRUE, FALSE, FALSE, FALSE, '2026-02-20T02:29:22.839137+00:00', '2026-02-20T02:29:22.839137+00:00'),
  ('0e28d1f4-8121-481c-80d2-2ef37c587328', 'fb02df3e-8a8b-46b8-a516-e55d8e19caf7', '10:00:00', '15:00:00', TRUE, TRUE, TRUE, TRUE, TRUE, FALSE, FALSE, FALSE, '2026-02-20T02:29:22.839137+00:00', '2026-02-20T02:29:22.839137+00:00'),
  ('1e14f118-1e6d-449d-9d14-28016921b83c', 'fd1836c5-3641-4296-8247-97b89854dfc9', '09:00:00', '15:00:00', TRUE, TRUE, TRUE, FALSE, TRUE, TRUE, FALSE, FALSE, '2026-02-20T02:29:22.839137+00:00', '2026-02-20T02:29:22.839137+00:00'),
  ('30e1dfc6-c420-433f-b0e6-2f6d92283ad7', 'feecc910-72eb-4815-ba6e-2d372d99eb9d', '09:30:00', '14:30:00', FALSE, FALSE, FALSE, TRUE, FALSE, FALSE, FALSE, FALSE, '2026-02-20T02:29:22.839137+00:00', '2026-02-20T02:29:22.839137+00:00'),
  ('53195c05-f243-452e-b247-1a0573adf590', 'feecc910-72eb-4815-ba6e-2d372d99eb9d', '09:30:00', '14:30:00', FALSE, FALSE, FALSE, FALSE, FALSE, TRUE, FALSE, FALSE, '2026-02-20T02:29:22.839137+00:00', '2026-02-20T02:29:22.839137+00:00'),
  ('be2c2bb5-dea2-4e7b-baef-4b649f3455b1', 'feecc910-72eb-4815-ba6e-2d372d99eb9d', '09:30:00', '14:30:00', TRUE, TRUE, TRUE, FALSE, TRUE, FALSE, FALSE, FALSE, '2026-02-20T02:29:22.839137+00:00', '2026-02-20T02:29:22.839137+00:00');

-- schedules (11 rows)
INSERT INTO public.schedules (id, facility_id, image_url, instagram_post_url, embed_html, published_month, status, notes, created_at, updated_at) VALUES
  ('529411aa-6125-4330-aa67-21041d555e33', '1dfd2a31-624b-4c76-880a-e0c8b520c968', 'https://www.instagram.com/p/DPxZJidjwnI/', 'https://www.instagram.com/p/DPxZJidjwnI/', NULL, '2025-11-01', 'published', NULL, '2025-11-28T02:16:52.31625+00:00', '2025-12-23T02:17:14.365039+00:00'),
  ('ddf00b3f-1bd0-439d-9e4e-983b3f1ae766', '1dfd2a31-624b-4c76-880a-e0c8b520c968', 'https://www.instagram.com/p/DRLmvAzCeGw/', 'https://www.instagram.com/p/DRLmvAzCeGw/', NULL, '2025-12-01', 'published', NULL, '2025-11-28T02:16:52.31625+00:00', '2025-12-23T02:17:14.365039+00:00'),
  ('235adc24-a247-493f-b386-c9271d5cfad7', '1dfd2a31-624b-4c76-880a-e0c8b520c968', 'https://www.instagram.com/p/DSW73e3ESGS/', 'https://www.instagram.com/p/DSW73e3ESGS/', NULL, '2026-01-01', 'published', NULL, '2025-12-28T12:58:08.80702+00:00', '2025-12-28T12:58:08.80702+00:00'),
  ('637d09d8-dcb3-4cb9-a52e-07985560b66e', '1dfd2a31-624b-4c76-880a-e0c8b520c968', 'https://www.instagram.com/p/DTbv7SKD4t2/', 'https://www.instagram.com/p/DTbv7SKD4t2/', NULL, '2026-02-01', 'published', NULL, '2026-01-29T23:07:51.460941+00:00', '2026-01-29T23:07:51.460941+00:00'),
  ('00dbf10f-27b5-4fd8-96a8-a1ba91e3c646', '1dfd2a31-624b-4c76-880a-e0c8b520c968', 'https://www.instagram.com/p/DUsIgRhCVbJ/', 'https://www.instagram.com/p/DUsIgRhCVbJ/', NULL, '2026-03-01', 'published', NULL, '2026-02-27T22:51:52.859686+00:00', '2026-02-27T22:51:52.859686+00:00'),
  ('cc7a9912-25d5-418f-abc3-a3c30bdb3880', 'cf986b1b-2f32-4c5f-9f95-8e5ebaf60e30', 'https://www.instagram.com/p/DRi8crtj3hY/', 'https://www.instagram.com/p/DRi8crtj3hY/', NULL, '2025-12-01', 'published', NULL, '2025-12-03T12:14:09.043675+00:00', '2025-12-23T02:17:14.365039+00:00'),
  ('46913d43-c730-4949-b97c-0338aaf67703', 'f4ced207-a55c-471c-837d-c67dddef0320', '', 'https://www.instagram.com/p/DP2e5GREqHd/', NULL, '2025-11-01', 'published', NULL, '2025-11-28T01:33:42.604239+00:00', '2025-12-23T02:17:14.365039+00:00'),
  ('1fc73b74-cede-47d4-8cc2-e29412299065', 'f4ced207-a55c-471c-837d-c67dddef0320', '', 'https://www.instagram.com/p/DRD9er5krYe/', NULL, '2025-12-01', 'published', NULL, '2025-11-28T01:34:44.355345+00:00', '2025-12-23T02:17:14.365039+00:00'),
  ('710f664f-bad2-4542-833c-60e263033dad', 'f4ced207-a55c-471c-837d-c67dddef0320', 'https://www.instagram.com/p/DSRYIPmkoTo/', 'https://www.instagram.com/p/DSRYIPmkoTo/', NULL, '2026-01-01', 'published', NULL, '2025-12-28T12:39:31.706912+00:00', '2025-12-28T12:39:31.706912+00:00'),
  ('123e2b01-79fd-46f3-93ac-2edb5a286245', 'f4ced207-a55c-471c-837d-c67dddef0320', 'https://www.instagram.com/p/DTgr4z1kmyg/', 'https://www.instagram.com/p/DTgr4z1kmyg/', NULL, '2026-02-01', 'published', NULL, '2026-01-29T23:08:32.931109+00:00', '2026-01-29T23:08:32.931109+00:00'),
  ('16a46159-6ce5-4c9b-9efc-257b110d332f', 'f4ced207-a55c-471c-837d-c67dddef0320', 'https://www.instagram.com/p/DUzF9KakqAr/', 'https://www.instagram.com/p/DUzF9KakqAr/', NULL, '2026-03-01', 'published', NULL, '2026-02-27T22:51:28.179643+00:00', '2026-02-27T22:51:28.179643+00:00');

COMMIT;
